{
  "project_info": {
    "project_number": "797745623133",
    "project_id": "libraryapp-8a228",
    "storage_bucket": "libraryapp-8a228.firebasestorage.app"
  },
  "client": [
    {
      "client_info": {
        "mobilesdk_app_id": "1:797745623133:android:66085776f1a53670e91db4",
        "android_client_info": {
          "package_name": "com.example.libraryapp20"
        }
      },
      "oauth_client": [],
      "api_key": [
        {
          "current_key": "AIzaSyBt7MfKPC4v3UyYIGWfvKU8SVo75D1fUPg"
        }
      ],
      "services": {
        "appinvite_service": {
          "other_platform_oauth_client": []
        }
      }
    }
  ],
  "configuration_version": "1"
}